{
  "roc_auc": 0.9574929516373889,
  "f1": 0.6419753086419753,
  "confusion_matrix": [
    [
      661,
      6
    ],
    [
      81,
      78
    ]
  ],
  "classification_report": {
    "0": {
      "precision": 0.8908355795148248,
      "recall": 0.9910044977511244,
      "f1-score": 0.9382540809084458,
      "support": 667.0
    },
    "1": {
      "precision": 0.9285714285714286,
      "recall": 0.49056603773584906,
      "f1-score": 0.6419753086419753,
      "support": 159.0
    },
    "accuracy": 0.8946731234866828,
    "macro avg": {
      "precision": 0.9097035040431267,
      "recall": 0.7407852677434867,
      "f1-score": 0.7901146947752105,
      "support": 826.0
    },
    "weighted avg": {
      "precision": 0.8980995020329845,
      "recall": 0.8946731234866828,
      "f1-score": 0.881222210702188,
      "support": 826.0
    }
  }
}